canonical,aliases
TTF-1,TTF1;NKX2-1;thyroid transcription factor-1;thyroid transcription factor 1
Napsin A,NapsinA;napsin
Keratins,keratin;cytokeratin;cytokeratins;pancytokeratin;pan-cytokeratin;pankeratin;pan-keratin;AE1/AE3;CKAE1/AE3;CK AE1/AE3
SMA,smooth muscle actin;alpha-SMA;α-SMA
MSA,muscle specific actin;muscle-specific actin;HHF35
SP,surfactant protein;surfactant proteins;surfactant apoprotein
ER,estrogen receptor;oestrogen receptor
PgR,PR;progesterone receptor
AR,androgen receptor
Ki-67,Ki67;MIB-1;MIB1
c-KIT,CD117;KIT
Melan-A,MelanA;MART-1;MART1
β-catenin,beta-catenin
Chromogranin,chromogranin A;CgA
CD56,NCAM
EMA,epithelial membrane antigen
CK 34βE12,34βE12;34betaE12
NF,neurofilament
ALK,ALK1;ALK fusion;ALK rearrangement
p40,ΔNp63;deltaNp63
D2-40,podoplanin
Factor VIII,Factor Ⅷ;factor VIII-related antigen;von Willebrand factor
HCGβ,β-hCG;beta-hCG;hCG
CEA,carcinoembryonic antigen
GFAP,glial fibrillary acidic protein
Glypican 3,Glypican3;GPC3
PAS,periodic acid-Schiff
BRAF V600E,BRAF p.V600E;BRAF
NUT,NUTM1;NUT fusion;NUTM1 fusion;NUTM1 rearrangement
HNF4a,HNF4α;HNF4A;HNF-4α
α1 antitrypsin,alpha-1-antitrypsin;α1-antitrypsin
α1 antichymotrypsin,alpha-1-antichymotrypsin;α1-antichymotrypsin
Neuroendocrine markers,neuroendocrine marker
Melanoma marker,melanoma markers
S100,S-100;S100 protein
